123asdf,guest,artillery.pltgw.001@plt.com
465asdf,guest,artillery.pltgw.002@plt.com
764asdf,guest,artillery.pltgw.003@plt.com
4561321,guest,artillery.pltgw.004@plt.com
78643413,guest,artillery.pltgw.005@plt.com
asdf1231,guest,artillery.pltgw.006@plt.com
email,sdafaf,adfd
asdew134,guest,artillery.pltgw.007@plt.com
wwerfaasdd,guest,artillery.pltgw.008@plt.com
qwerzxdf3,guest,artillery.pltgw.009@plt.com
qw333dsff,guest,artillery.pltgw.010@plt.com
234fsdf,guest,artillery.pltgw.110@plt.com
234fsdfsdfg,guest,artillery.pltgw.111@plt.com